geoid,gini,scaled
51047930400,0.478,0.496865455714516
51700032002,0.301,0.781385629320045
51087200404,0.3583,0.689278251085035
51550020200,0.3465,0.708246262658737
51059482507,0.267,0.836039221990034
51760020200,0.4968,0.466645233885228
51760060900,0.4355,0.565182446552001
51059461801,0.2886,0.801318116058511
51171040202,0.3677,0.674168140170391
51760021200,0.4327,0.569683330654236
51153901419,0.4311,0.572255264426941
51059480501,0.3418,0.715801318116059
51059482203,0.4511,0.540106092268124
51087200134,0.4799,0.493811284359428
51700030900,0.4386,0.560199324867385
51550020100,0.4447,0.550393827358946
51059481202,0.4459,0.548464877029416
51059440600,0.3699,0.670631731232921
51059420202,0.2864,0.804854524995981
51013101701,0.3401,0.718533997749558
51041100935,0.3786,0.656646841343835
51107611701,0.3691,0.671917698119274
51710004400,0.4403,0.557466645233885
51057950600,0.4396,0.558591866259444
51169030400,0.4362,0.564057225526443
51710006400,0.4609,0.524352997910304
51153900803,0.3467,0.707924770937148
51740212100,0.4136,0.600385790065906
51760070902,0.3659,0.677061565664684
51013101704,0.3574,0.690724963832181
51185020700,0.3835,0.648770294164925
51685920201,0.2522,0.859829609387558
51760060600,0.4474,0.546053689117505
51179010211,0.3928,0.633820929111075
51710002200,0.4217,0.587365375341585
51680000400,0.4156,0.597170872850024
51059480505,0.3502,0.702298665809355
51790000300,0.4461,0.548143385307828
51760040500,0.5674,0.353158656164604
51680001603,0.4237,0.584150458125703
51710004300,0.4358,0.564700208969619
51710002100,0.5555,0.3722874135991
51810046219,0.2593,0.848416653271178
51550021303,0.3405,0.717891014306382
51017920101,0.4231,0.585114933290468
51710006902,0.3582,0.689438996945829
51700032227,0.3228,0.746343031666935
51550021401,0.4009,0.620800514386755
51013101405,0.3752,0.662112200610834
51059980100,,
51520020201,0.5746,0.34158495418743
51760020800,0.4288,0.575952419225205
51027010100,0.4741,0.503134544285485
51059452801,0.5546,0.373734126346247
51013101407,0.3701,0.670310239511333
51650010503,0.4379,0.561324545892943
51550020003,0.3934,0.632856453946311
51111930100,0.4046,0.614852917537373
51059481106,0.345,0.710657450570648
51059451200,0.3744,0.663398167497187
51810045430,0.3814,0.652145957241601
51770003100,0.3674,0.674650377752773
51760020501,0.3719,0.667416814017039
51810041803,0.2979,0.786368751004662
51760050300,0.4902,0.477254460697637
51013101601,0.463,0.520977334833628
51087200412,0.4681,0.51277929593313
51760041300,0.4251,0.581900016074586
51550020500,0.3605,0.685741842147565
51183870202,,
51810046211,0.3185,0.75325510368108
51770002600,0.469,0.511332583185983
51800075205,0.4231,0.585114933290468
51059480201,0.4249,0.582221507796174
51059420600,0.3846,0.64700208969619
51810045414,0.3816,0.651824465520013
51550020812,0.5715,0.346568075872046
51740212000,0.4037,0.61629963028452
51013102600,0.3959,0.628837807426459
51087200413,0.3603,0.686063333869153
51097950400,0.4313,0.571933772705353
51700032133,0.3467,0.707924770937148
51013102903,0.2828,0.810641375984569
51087200305,0.4086,0.60842308310561
51087200151,0.3881,0.641375984568397
51179010214,0.339,0.720302202218293
51685920100,0.3712,0.668542035042598
51810044201,0.3479,0.705995820607619
51155980200,,
51059481701,0.3698,0.670792477093715
51710005100,0.4972,0.466002250442051
51041100206,0.3318,0.731875904195467
51107611016,0.4523,0.538177141938595
51760060200,0.4017,0.619514547500402
51760050500,0.5061,0.451695868831378
51680000500,0.4307,0.572898247870117
51610500100,0.4266,0.579488828162675
51710007001,0.3261,0.74103841826073
51810043600,0.4534,0.53640893746986
51510202001,0.4136,0.600385790065906
51710005702,0.3267,0.740073943095965
51710004100,0.5292,0.414563574987944
51700030600,0.3919,0.635267641858222
51740212801,0.3411,0.716926539141617
51550021605,0.4064,0.61195949204308
51081880102,,
51059420100,0.349,0.704227616138885
51550020809,0.4103,0.605690403472111
51199050203,0.2987,0.785082784118309
51710003700,0.4407,0.556823661790709
51510200304,0.456,0.532229545089214
51810046223,0.3265,0.740395434817553
51570830200,0.4992,0.46278733322617
51013101602,0.3546,0.695225847934416
51085321003,0.337,0.723517119434175
51101950101,0.3902,0.638000321491722
51153901209,0.403,0.617424851310079
51059440201,0.369,0.672078443980068
51540000201,0.5093,0.446552001285967
51153901005,0.3267,0.740073943095965
51059452502,0.4065,0.611798746182286
51153900302,0.3557,0.693457643465681
51650010312,0.3689,0.672239189840862
51013101401,0.4106,0.605208165889728
51013101703,0.4068,0.611316508599904
51013101705,0.3671,0.675132615335155
51013102804,0.4281,0.577077640250764
51510201804,0.4185,0.592509242886996
51059452301,0.4529,0.537212666773831
51770002502,0.4369,0.562932004500884
51650010701,0.4773,0.497990676740074
51019030501,0.3216,0.748271981996464
51800065402,0.5025,0.457482719819965
51069050804,0.3231,0.745860794084552
51083930400,0.4097,0.606654878636875
51059491501,0.3533,0.697315544124739
51650010702,0.4954,0.468895675936345
51760010202,0.4672,0.514226008680276
51510200202,0.3626,0.682366179070889
51003010100,0.532,0.41006269088571
51041100406,0.3686,0.672721427423244
51700032223,0.4073,0.610512779295933
51041100210,0.3381,0.72174891496544
51760070901,0.4308,0.572737502009323
51107611804,0.389,0.639929271821251
51510200409,0.4129,0.601511011091465
51680001100,0.4606,0.524835235492686
51670820600,0.4049,0.614370679954991
51760011100,0.4788,0.495579488828163
51059461606,0.3326,0.730589937309114
51510200110,0.3353,0.726249799067674
51710006603,0.5195,0.43015592348497
51059452102,0.3968,0.627391094679312
51740213001,0.5017,0.458768686706317
51059430600,0.4041,0.615656646841344
51153900702,0.3939,0.632052724642341
51700032130,0.2971,0.787654717891014
51013101900,0.3837,0.648448802443337
51001990100,,
51041100806,0.4085,0.608583828966404
51059471000,0.3863,0.644269410062691
51059440701,0.3276,0.738627230348819
51059491405,0.3097,0.76740073943096
51700032007,0.4294,0.57498794406044
51740211700,0.3086,0.769168943899695
51059480204,0.396,0.628677061565665
51013101000,0.3749,0.662594438193217
51059471203,0.4556,0.53287252853239
51810044600,0.5427,0.392862883780743
51760030100,0.3524,0.698762256871886
51013100600,0.4481,0.544928468091947
51059422401,0.3089,0.768686706317312
51700031604,0.5792,0.334190644590902
51059452700,0.4484,0.544446230509564
51087200106,0.4112,0.604243690724964
51760020300,0.433,0.569201093071853
51810046019,0.3863,0.644269410062691
51059431801,0.3181,0.753898087124257
51810045805,0.4357,0.564860954830413
51013103505,0.4917,0.474843272785726
51059440300,0.3334,0.729303970422762
51810046013,0.3433,0.713390130204147
51109950102,0.5181,0.432406365536087
51087200126,0.4447,0.550393827358946
51059450200,0.3684,0.673042919144832
51510200705,0.4029,0.617585597170873
51177020112,0.2933,0.79376306060119
51059491401,0.3667,0.675775598778331
51800075203,0.2785,0.817553447998714
51059421600,0.3989,0.624015431602636
51510201202,0.4044,0.615174409258962
51059421101,0.2962,0.789101430638161
51680000802,0.3094,0.767882977013342
51710002700,0.4601,0.525638964796656
51029930202,0.4575,0.529818357177303
51013101804,0.4156,0.597170872850024
51740212500,0.3709,0.66902427262498
51740212701,0.4471,0.546535926699888
51059460501,0.3539,0.696351068959974
51710002300,0.4971,0.466162996302845
51059482303,0.4908,0.476289985532873
51710000300,0.3995,0.623050956437872
51107611207,0.3896,0.638964796656486
51710000500,0.4219,0.587043883619997
51081880200,0.4856,0.484648770294165
51007930102,0.3978,0.625783636071371
51011040300,0.4232,0.584954187429674
51700032212,0.4886,0.479826394470342
51760060501,0.3717,0.667738305738627
51013103000,0.2901,0.7989069281466
51770001900,0.46,0.525799710657451
51107611902,0.2781,0.81819643144189
51810045431,0.2969,0.787976209612603
51810046221,0.4031,0.617264105449285
51013101603,0.487,0.482398328243048
51800065302,0.5328,0.408776723999357
51087200908,0.3678,0.674007394309597
51087200141,0.4331,0.569040347211059
51710000202,0.3686,0.672721427423244
51683910100,0.3691,0.671917698119274
51810044808,0.4277,0.57772062369394
51013103501,0.3494,0.703584632695708
51550020911,0.4462,0.547982639447034
51067020502,0.4381,0.561003054171355
51770001800,0.4752,0.50136633981675
51059422201,0.3807,0.65327117826716
51087200301,0.4245,0.582864491239351
51510201100,0.4448,0.550233081498152
51710006502,0.5072,0.449927664362643
51153901015,0.374,0.664041150940363
51550020813,0.3642,0.679794245298184
51153901511,0.3519,0.699565986175856
51059421400,0.3856,0.64539463108825
51550020808,0.3939,0.632052724642341
51059491801,0.4043,0.615335155119756
51059460300,0.3565,0.692171676579328
51059460100,0.4426,0.553769490435621
51153901403,0.3639,0.680276482880566
51047930204,0.3573,0.690885709692975
51087200600,0.4267,0.579328082301881
51650011900,0.405,0.614209934094197
51121020802,0.4285,0.576434656807587
51069050806,0.2597,0.847773669828002
51107611400,0.3623,0.682848416653271
51770002400,0.442,0.554733965600386
51710000800,0.421,0.588490596367144
51550021403,0.4414,0.55569844076515
51059421002,0.3711,0.668702780903392
51059491202,0.3392,0.719980710496705
51550020300,0.5339,0.407008519530622
51760020700,0.6531,0.215399453464073
51530930602,0.4711,0.507956920109307
51810045603,0.4353,0.56550393827359
51740211400,0.5059,0.452017360552966
51550020905,0.3976,0.626105127792959
51810046206,0.3287,0.736859025880084
51003010901,0.5229,0.424690564217971
51760030501,0.6053,0.292235974923646
51510200406,0.3242,0.744092589615818
51810046224,0.3205,0.750040186465199
51169030300,0.4457,0.548786368751005
51800075206,0.2715,0.8288056582543
51041100208,0.4026,0.618067834753255
51650010900,0.4679,0.513100787654718
51710003600,0.3833,0.649091785886514
51175200200,0.415,0.598135348014789
51710000600,0.3619,0.683491400096448
51810046016,0.3325,0.730750683169909
51087201701,0.3438,0.712586400900177
51087201406,0.4021,0.618871564057226
51550020811,0.33,0.734769329689761
51700031300,0.4079,0.609548304131169
51510201602,0.3299,0.734930075550555
51177020109,0.4358,0.564700208969619
51107611011,0.386,0.644751647645073
51650012000,0.3094,0.767882977013342
51810041600,0.4579,0.529175373734127
51027010600,0.3558,0.693296897604887
51085320100,0.4162,0.59620639768526
51700030300,0.4681,0.51277929593313
51059482206,0.5401,0.397042276161389
51179010213,0.2799,0.815303005947597
51059480504,0.4134,0.600707281787494
51710004001,0.365,0.678508278411831
51760010402,0.4892,0.478861919305578
51013101406,0.3511,0.700851953062209
51027010200,0.373,0.665648609548304
51059432201,0.4146,0.598778331457965
51710005602,0.3726,0.666291592991481
51013101402,0.4579,0.529175373734127
51760071002,0.3937,0.632374216363929
51510201300,0.3398,0.71901623533194
51550021402,0.394,0.631891978781546
51059415700,0.3026,0.77881369554734
51810046017,0.2812,0.813213309757274
51177020108,0.3981,0.625301398488989
51059422301,0.395,0.630284520173606
51175200500,0.4369,0.562932004500884
51059431601,0.3729,0.665809355409098
51740212802,0.36,0.686545571451535
51177020204,0.3896,0.638964796656486
51059471304,0.425,0.58206076193538
51171040400,0.3699,0.670631731232921
51013100800,0.4563,0.531747307506832
51059491303,0.3375,0.722713390130204
51029930101,0.4107,0.605047420028934
51810045605,0.43,0.574023468895676
51683910202,0.3516,0.700048223758238
51031020300,0.3419,0.715640572255265
51810045601,0.4757,0.500562610512779
51167030201,0.4204,0.589455071531908
51710000400,0.5349,0.405401060922681
51087200906,0.3502,0.702298665809355
51041100404,0.4328,0.569522584793442
51540000700,0.6017,0.298022825912233
51710006604,0.4343,0.56711139688153
51059451300,0.356,0.692975405883299
51740211600,0.4706,0.508760649413278
51071930200,0.3596,0.687188554894712
51091970100,0.369,0.672078443980068
51157950100,0.4819,0.490596367143546
51087200802,0.4181,0.593152226330172
51700030400,0.5306,0.412313132936827
51041100410,0.4886,0.479826394470342
51125950101,0.3982,0.625140652628195
51760041000,0.4516,0.539302362964154
51013101408,0.2554,0.854685741842148
51153901702,0.2524,0.85950811766597
51570830400,0.4825,0.489631891978782
51087200138,0.4259,0.580614049188233
51059461100,0.4103,0.605690403472111
51700032005,0.3462,0.708728500241119
51013103602,0.3816,0.651824465520013
51700031602,0.358,0.689760488667417
51540000502,0.467,0.514547500401865
51033030100,0.4147,0.598617585597171
51165011100,0.3922,0.63478540427584
51153900602,0.4532,0.536730429191448
51059430500,0.2908,0.797781707121042
51810045803,0.4548,0.534158495418743
51510200105,0.3589,0.68831377592027
51197050201,0.4046,0.614852917537373
51710980200,,
51810045429,0.322,0.747628998553287
51041100922,0.3117,0.764185822215078
51710006100,0.5348,0.405561806783475
51013101801,0.3748,0.662755184054011
51760041200,0.5252,0.420993409419708
51087980100,,
51710005903,0.361,0.684938112843594
51059470700,0.43,0.574023468895676
51059482502,0.2982,0.785886513422279
51710003000,0.4287,0.576113165085999
51710000700,0.3332,0.72962546214435
51059480205,0.432,0.570808551679794
51041100818,0.3563,0.692493168300916
51700032114,0.3433,0.713390130204147
51810045420,0.4199,0.590258800835878
51003010702,0.4704,0.509082141134866
51059415401,0.476,0.500080372930397
51087201002,0.3165,0.756470020896962
51710002500,0.5248,0.421636392862884
51051040400,0.4501,0.541713550876065
51760040400,0.6101,0.28452017360553
51087200409,0.402,0.61903230991802
51087201102,0.3186,0.753094357820286
51810043006,0.4099,0.606333386915287
51087201103,0.4104,0.605529657611317
51153900409,0.3104,0.766275518405401
51550020001,0.4646,0.518405401060923
51740211900,0.4345,0.566789905159942
51059451602,0.5496,0.381771419385951
51059460600,0.3056,0.773991319723517
51710006601,0.3851,0.64619836039222
51540000402,0.4289,0.575791673364411
51710003200,0.3495,0.703423886834914
51760061001,0.4277,0.57772062369394
51059421300,0.3173,0.755184054010609
51041100932,0.3646,0.679151261855007
51153901229,0.307,0.7717408776724
51700031400,0.4384,0.560520816588973
51810045806,0.3556,0.693618389326475
51041100934,0.3692,0.671756952258479
51590000700,0.4872,0.48207683652146
51019030300,0.4153,0.597653110432407
51660000301,0.3845,0.647162835556984
51059491703,0.3969,0.627230348818518
51059452302,0.4462,0.547982639447034
51059481105,0.3134,0.761453142581579
51059461000,0.3947,0.630766757755988
51013103503,0.3963,0.628194823983282
51510200111,0.3199,0.751004661629963
51027010700,0.5223,0.425655039382736
51033030202,0.4466,0.547339656003858
51710003300,0.4235,0.584471949847291
51059431002,0.3029,0.778331457964957
51041100209,0.3537,0.696672560681563
51059482301,0.3905,0.637518083909339
51041100933,0.3597,0.687027809033917
51760050400,0.4643,0.518887638643305
51730811000,0.3838,0.648288056582543
51059491707,0.3103,0.766436264266195
51003010904,0.5091,0.446873493007555
51153900202,0.3538,0.696511814820768
51710005000,0.4393,0.559074103841826
51059461604,0.5213,0.427262497990677
51087200201,0.3372,0.723195627712586
51630000301,0.2887,0.801157370197717
51700032129,0.3231,0.745860794084552
51810046214,0.3269,0.739752451374377
51041101014,0.308,0.770133419064459
51730810400,0.375,0.662433692332423
51087200125,0.4042,0.61549590098055
51059482204,0.3898,0.638643304934898
51810042802,0.3948,0.630606011895194
51107611010,0.4351,0.565825429995178
51087201206,0.3646,0.679151261855007
51087200131,0.4301,0.573862723034882
51059460701,0.4155,0.597331618710818
51041100930,0.3141,0.76032792155602
51087200133,0.508,0.44864169747629
51107611032,0.3795,0.655200128596689
51810046220,0.411,0.604565182446552
51670820700,0.3957,0.629159299148047
51101950102,0.3619,0.683491400096448
51059491502,0.3282,0.737662755184054
51730810700,0.5145,0.438193216524675
51059430400,0.328,0.737984246905642
51059471401,0.4239,0.583828966404115
51760040201,0.4802,0.493329046777046
51510202002,0.4715,0.507313936666131
51810044005,0.4321,0.570647805819
51840000101,0.3717,0.667738305738627
51059420501,0.383,0.649574023468896
51059432000,0.3907,0.637196592187751
51710001300,0.3606,0.685581096286771
51059460702,0.4704,0.509082141134866
51760020100,0.4938,0.47146760970905
51550021103,0.3237,0.744896318919788
51059460504,0.4017,0.619514547500402
51059430102,0.3278,0.73830573862723
51059482205,0.4875,0.481594598939077
51059491302,0.3636,0.680758720462948
51740212600,0.3855,0.645555376949044
51059452400,0.3607,0.685420350425977
51059470300,0.4822,0.490114129561164
51630000400,0.5121,0.442051117183733
51175200401,0.3408,0.717408776723999
51013102002,0.4065,0.611798746182286
51015070100,0.3887,0.640411509403633
51810041002,0.3417,0.715962063976853
51059422202,0.3827,0.650056261051278
51630000302,0.4442,0.551197556662916
51840000102,0.4044,0.615174409258962
51800075601,0.5312,0.411348657772062
51087200303,0.3348,0.727053528371644
51730810500,0.5155,0.436585757916734
51041101015,0.279,0.816749718694744
51059422302,0.4047,0.614692171676579
51510200109,0.4169,0.595081176659701
51710004600,0.4877,0.481273107217489
51059450400,0.4202,0.589776563253496
51059421800,0.3508,0.701334190644591
51061930405,0.3882,0.641215238707603
51059416000,0.4853,0.485131007876547
51059480502,0.3098,0.767239993570166
51670820100,0.5318,0.410384182607298
51183870100,0.3951,0.630123774312811
51510201204,0.3622,0.683009162514065
51059461500,0.3793,0.655521620318277
51087201503,0.419,0.591705513583025
51710003501,0.4907,0.476450731393667
51041100600,0.3982,0.625140652628195
51177020308,0.4215,0.587686867063173
51760040700,0.3961,0.628516315704871
51059480401,0.3926,0.634142420832664
51700030500,0.4888,0.479504902748754
51710003100,0.3934,0.632856453946311
51059450702,0.4315,0.571612280983765
51650010601,0.4715,0.507313936666131
51740212702,0.3974,0.626426619514548
51153901303,0.2778,0.818678669024273
51003010603,0.3649,0.678669024272625
51013101300,0.3892,0.639607780099663
51059491402,0.3013,0.780903391737663
51059491706,0.3992,0.623533194020254
51087200417,0.326,0.741199164121524
51710001700,0.5723,0.345282108985694
51710990000,,
51700032134,0.4457,0.548786368751005
51810046018,0.2482,0.866259443819322
51810046217,0.309,0.768525960456518
51033030201,0.4103,0.605690403472111
51153901016,0.3287,0.736859025880084
51735340100,0.3246,0.743449606172641
51510200302,0.3782,0.657289824787012
51590001000,0.5256,0.420350425976531
51013103300,0.3782,0.657289824787012
51111930200,0.409,0.607780099662434
51810044805,0.285,0.807104967047099
51820003500,0.4517,0.53914161710336
51159040100,0.4498,0.542195788458447
51121020100,,
51740211500,0.3368,0.723838611155763
51730810600,0.5146,0.438032470663881
51107611023,0.287,0.803890049831217
51700031902,0.4559,0.532390290950008
51013102803,0.3721,0.667095322295451
51059980200,,
51041100300,0.3922,0.63478540427584
51760021000,0.5511,0.37936023147404
51193010402,0.4376,0.561806783475326
51059481101,0.303,0.778170712104163
51550021505,0.3789,0.656164603761453
51059451400,0.4686,0.511975566629159
51710004500,0.4231,0.585114933290468
51059430201,0.3143,0.760006429834432
51800075404,0.4306,0.573058993730912
51059482201,0.3966,0.6277125864009
51059421102,0.4607,0.524674489631892
51700032124,0.3213,0.748754219578846
51690000100,0.3884,0.640893746986015
51800065301,0.4438,0.551840540106092
51760070602,0.3777,0.658093554090982
51059490101,0.4472,0.546375180839093
51013103504,0.3622,0.683009162514065
51059491803,0.3463,0.708567754380325
51680000902,0.3649,0.678669024272625
51059471303,0.4258,0.580774795049027
51710005701,0.507,0.450249156084231
51013103200,0.35,0.702620157530944
51810046009,0.3298,0.735090821411349
51059460503,0.3467,0.707924770937148
51041100820,0.3759,0.660986979585276
51510200404,0.3268,0.739913197235171
51013102802,0.3262,0.740877672399936
51760040300,0.7555,0.0507956920109308
51710004200,0.5201,0.429191448320206
51059431900,0.2738,0.825108503456036
51101950200,0.3282,0.737662755184054
51810045405,0.3034,0.777527728660987
51510201900,0.4306,0.573058993730912
51710005500,0.3723,0.666773830573863
51710006607,0.3284,0.737341263462466
51059440702,0.2996,0.783636071371162
51153901101,0.4456,0.548947114611799
51059481000,0.3238,0.744735573058994
51153900203,0.3341,0.728178749397203
51161031102,0.396,0.628677061565665
51153901237,0.328,0.737984246905642
51013103401,0.165,1
51041100937,0.333,0.729946953865938
51710002400,0.3758,0.66114772544607
51810042400,0.3792,0.655682366179071
51550021010,0.3661,0.676740073943096
51107611031,0.1872,0.964314418903713
51740213002,0.382,0.651181482076837
51059440505,0.3127,0.762578363607137
51510200407,0.3274,0.738948722070407
51710001100,0.4378,0.561485291753737
51161030206,0.379,0.656003857900659
51025930202,,
51810044402,0.4169,0.595081176659701
51177020408,0.3922,0.63478540427584
51177020111,0.3687,0.67256068156245
51550020600,0.3979,0.625622890210577
51810040000,0.3335,0.729143224561968
51087201404,0.3512,0.700691207201415
51067020702,0.4475,0.545892943256711
51059481104,0.3139,0.760649413277608
51001090300,0.491,0.475968493811284
51165010900,0.4078,0.609709049991963
51550021405,0.2618,0.844398006751326
51013102500,0.3191,0.752290628516316
51740980100,,
51550021009,0.3367,0.723999357016557
51059415100,0.5462,0.38723677865295
51015071101,0.3858,0.645073139366661
51197050401,0.4949,0.469699405240315
51063920102,0.4392,0.55923484970262
51059432600,0.3115,0.764507313936666
51195931300,0.4044,0.615174409258962
51510201802,0.5291,0.414724320848738
51059451601,0.5204,0.428709210737824
51810044007,0.3882,0.641215238707603
51005080302,0.4355,0.565182446552001
51069050600,0.423,0.585275679151262
51680001700,0.4073,0.610512779295933
51195931700,0.5402,0.396881530300595
51710004800,0.4678,0.513261533515512
51187020101,0.2941,0.792477093714837
51075400500,0.3759,0.660986979585276
51059480902,0.4252,0.581739270213792
51107611810,0.2758,0.821893586240154
51109950101,0.3984,0.624819160906607
51013103405,0.38,0.654396399292718
51670820300,0.4623,0.522102555859187
51041101013,0.2781,0.81819643144189
51550020810,0.3615,0.684134383539624
51700032228,0.3734,0.665005626105128
51760050100,0.496,0.46793120077158
51750010101,0.5371,0.401864651985211
51760070100,0.4026,0.618067834753255
51678980000,0.6204,0.267963349943739
51510200108,0.3303,0.734287092107378
51059430101,0.2755,0.822375823822537
51177020403,0.4913,0.475486256228902
51031020800,0.4333,0.568718855489471
51069051002,0.4182,0.592991480469378
51710002000,0.3279,0.738144992766436
51177020311,0.4402,0.557627391094679
51003011302,0.3951,0.630123774312811
51059421103,0.3408,0.717408776723999
51161030300,0.4256,0.581096286770616
51199051100,0.3105,0.766114772544607
51161030804,0.3554,0.693939881048063
51065020104,0.3288,0.73669828001929
51510200704,0.3437,0.712747146760971
51121021000,0.4386,0.560199324867385
51610500300,0.4745,0.502491560842308
51059440100,0.3782,0.657289824787012
51141030302,0.4171,0.594759684938113
51199050303,0.3406,0.717730268445588
51143011400,0.4274,0.578202861276322
51069050805,0.3781,0.657450570647806
51121020301,0.6448,0.228741359909982
51077060201,0.4856,0.484648770294165
51085320902,0.286,0.805497508439158
51760041400,0.4958,0.468252692493168
51095080103,0.4972,0.466002250442051
51800075208,0.3466,0.708085516797942
51135000101,0.7064,0.129721909660826
51153901102,0.2898,0.799389165728982
51059432702,0.306,0.773348336280341
51043010200,0.4664,0.515511975566629
51059491701,0.3214,0.748593473718052
51199050206,0.3845,0.647162835556984
51191010101,0.5099,0.445587526121202
51143011301,0.3666,0.675936344639126
51045050100,0.388,0.641536730429191
51059415200,0.4302,0.573701977174088
51153901228,0.3112,0.764989551519049
51760070601,0.375,0.662433692332423
51840000302,0.3948,0.630606011895194
51153901411,0.3516,0.700048223758238
51161030702,0.4159,0.596688635267642
51059451800,0.3482,0.705513583025237
51153900410,0.3695,0.671274714676097
51510201000,0.3623,0.682848416653271
51650011300,0.4637,0.51985211380807
51770001100,0.5769,0.337887799389166
51059461603,0.3747,0.662915929914805
51013102302,0.4603,0.525317473075068
51165011000,0.3728,0.665970101269892
51775010200,0.4004,0.621604243690725
51153901414,0.3242,0.744092589615818
51117930500,0.5282,0.416171033595885
51590001301,0.376,0.660826233724482
51059490501,0.417,0.594920430798907
51023040502,0.3715,0.668059797460215
51179010502,0.3723,0.666773830573863
51165010802,0.339,0.720302202218293
51179010405,0.3803,0.653914161710336
51650011500,0.4502,0.541552805015271
51009010506,0.3828,0.649895515190484
51161031101,0.4827,0.489310400257193
51107611502,0.4108,0.60488667416814
51059490104,0.3541,0.696029577238386
51059490105,0.355,0.694582864491239
51185020200,0.4595,0.526603439961421
51143010400,0.5472,0.385629320045009
51031020101,0.4186,0.592348497026202
51770001200,0.5097,0.445909017842791
51143011001,0.4322,0.570487059958206
51171040201,0.3866,0.643787172480309
51167030403,0.4317,0.571290789262177
51710005601,0.3441,0.712104163317795
51510200801,0.444,0.551519048384504
51700031800,0.4462,0.547982639447034
51019030602,0.4643,0.518887638643305
51007930101,0.391,0.636714354605369
51093280108,0.3989,0.624015431602636
51165011500,0.3938,0.632213470503135
51059491201,0.3717,0.667738305738627
51177020305,0.3622,0.683009162514065
51770002501,0.3928,0.633820929111075
51121021501,0.3636,0.680758720462948
51187020602,0.3762,0.660504742002893
51059431300,0.3303,0.734287092107378
51660000401,0.443,0.553126506992445
51700032400,0.3871,0.642983443176338
51510201400,0.4612,0.523870760327922
51179010218,0.3578,0.690081980389005
51181860200,0.3732,0.665327117826716
51087200414,0.3465,0.708246262658737
51800065200,0.4251,0.581900016074586
51111930300,0.3874,0.642501205593956
51153901407,0.3836,0.648609548304131
51069050401,0.4043,0.615335155119756
51171040600,0.4075,0.610191287574345
51019030504,0.4425,0.553930236296415
51800075504,0.4844,0.486577720623694
51179010219,0.2714,0.828966404115094
51650011800,0.4339,0.567754380324707
51700031100,0.4862,0.4836842951294
51191010502,0.4844,0.486577720623694
51700032128,0.4061,0.612441729625462
51165010400,0.5242,0.422600868027648
51179010307,0.4176,0.593955955634142
51019030101,0.3733,0.665166371965922
51710005800,0.3917,0.63558913357981
51760010800,0.4454,0.549268606333387
51149850302,0.4002,0.621925735412313
51710006901,0.3506,0.701655682366179
51121021502,0.3696,0.671113968815303
51740213101,0.3774,0.658575791673364
51730811300,0.4819,0.490596367143546
51041100902,0.3101,0.766757755987783
51075400101,0.4813,0.491560842308311
51061930707,0.3228,0.746343031666935
51067020104,0.4241,0.583507474682527
51153901235,0.3567,0.69185018485774
51121021201,0.3674,0.674650377752773
51179010106,0.4253,0.581578524352998
51800075106,0.4556,0.53287252853239
51125950202,0.4859,0.484166532711783
51153901409,0.3335,0.729143224561968
51041100705,0.3608,0.685259604565182
51760020400,0.5147,0.437871724803086
51710006602,0.3681,0.673525156727214
51165011802,0.3881,0.641375984568397
51710006200,0.4293,0.575148689921235
51121020302,0.336,0.725124578042115
51193010200,0.4944,0.470503134544285
51085320702,0.4078,0.609709049991963
51059491704,0.3226,0.746664523388523
51143010700,0.3449,0.710818196431442
51031020500,0.3952,0.629963028452017
51059422403,0.4131,0.601189519369876
51760020600,0.3845,0.647162835556984
51173030600,0.5674,0.353158656164604
51141030202,0.4239,0.583828966404115
51087200149,0.4091,0.60761935380164
51700032211,0.3543,0.695708085516798
51840000201,0.4601,0.525638964796656
51069050200,0.4415,0.555537694904356
51700031500,0.4156,0.597170872850024
51810046011,0.3761,0.660665487863688
51143010801,0.412,0.602957723838611
51087200143,0.3348,0.727053528371644
51173030701,0.4518,0.538980871242566
51031020900,0.4291,0.575470181642823
51085320805,0.3381,0.72174891496544
51800075402,0.3155,0.758077479504903
51087200145,0.3999,0.622407972994695
51650010400,0.4206,0.58913357981032
51013100900,0.4868,0.482719819964636
51840000301,0.4203,0.589615817392702
51810046015,0.3352,0.726410544928468
51041100409,0.3468,0.707764025076354
51520020400,0.3308,0.733483362803408
51041100507,0.3399,0.718855489471146
51550021506,0.3226,0.746664523388523
51033030300,0.4108,0.60488667416814
51165010801,0.3866,0.643787172480309
51095080207,0.3863,0.644269410062691
51003011000,0.4626,0.521620318276804
51155980100,,
51177020201,0.3788,0.656325349622247
51059420503,0.4447,0.550393827358946
51041100212,0.3451,0.710496704709854
51087200153,0.4897,0.478058190001607
51041100919,0.3448,0.710978942292236
51041100926,0.4951,0.469377913518727
51810045426,0.3634,0.681080212184536
51710005902,0.4363,0.563896479665649
51179010217,0.3079,0.770294164925253
51001090401,0.3383,0.721427423243852
51155210500,0.3514,0.700369715479826
51710000901,0.3255,0.742002893425494
51810042202,0.4823,0.48995338370037
51175200100,0.3764,0.660183250281305
51023040304,0.4476,0.545732197395917
51147930101,0.5091,0.446873493007555
51740212400,0.434,0.567593634463913
51097950500,0.4297,0.574505706478058
51550021012,0.329,0.736376788297701
51185020301,0.4122,0.602636232117023
51059430802,0.404,0.615817392702138
51760010500,0.4192,0.591384021861437
51185021101,0.4618,0.522906285163157
51059430902,0.3265,0.740395434817553
51029930102,0.4383,0.560681562449767
51155210700,0.3568,0.691689438996946
51141030101,0.4343,0.56711139688153
51041100211,0.3132,0.761774634303167
51053840400,0.3923,0.634624658415046
51161030203,0.3487,0.704709853721267
51550021504,0.3121,0.763542838771902
51770002200,0.3637,0.680597974602154
51760011000,0.4119,0.603118469699405
51041100702,0.4332,0.568879601350265
51077060300,0.3982,0.625140652628195
51173030702,0.4473,0.546214434978299
51177020114,0.3908,0.637035846326957
51740212300,0.3569,0.691528693136152
51650010306,0.4006,0.621282751969137
51053840602,0.4544,0.534801478861919
51600300400,0.3963,0.628194823983282
51510200305,0.2915,0.796656486095483
51029930201,0.4185,0.592509242886996
51059450701,0.3314,0.732518887638643
51013101409,0.3808,0.653110432406366
51650010200,0.3135,0.761292396720784
51810041003,0.3266,0.740234688956759
51550021101,0.3381,0.72174891496544
51550021407,0.6017,0.298022825912233
51165011400,0.3966,0.6277125864009
51083930602,0.5775,0.336923324224401
51041100929,0.4037,0.61629963028452
51770002302,0.3949,0.6304452660344
51085321202,0.429,0.575630927503617
51003010701,0.4733,0.504420511171837
51059461201,0.4083,0.608905320687992
51760071004,0.4794,0.494615013663398
51107611017,0.4362,0.564057225526443
51093280105,0.5353,0.404758077479505
51059440503,0.4682,0.512618550072336
51115951301,0.3385,0.721105931522263
51047930103,0.3954,0.629641536730429
51700032117,0.5106,0.444462305095644
51093280200,0.4323,0.570326314097412
51059492201,0.3684,0.673042919144832
51025930302,0.406,0.612602475486256
51710000902,0.3861,0.644590901784279
51023040402,0.4986,0.463751808390934
51167030202,0.4581,0.528853882012538
51041100817,0.377,0.659218775116541
51085320400,0.4455,0.549107860472593
51031020403,0.4156,0.597170872850024
51197050102,0.3448,0.710978942292236
51199050402,0.3925,0.634303166693458
51163930400,0.3999,0.622407972994695
51770002100,0.4754,0.501044848095162
51047930104,0.3874,0.642501205593956
51085320601,0.4034,0.616781867866903
51105950500,0.4906,0.476611477254461
51041100936,0.4195,0.590901784279055
51155210202,0.4022,0.618710818196431
51700032006,0.7871,0
51005080301,0.3659,0.677061565664684
51153901222,0.3584,0.689117505224241
51153901233,0.3537,0.696672560681563
51013103404,0.2664,0.837003697154798
51119951200,0.383,0.649574023468896
51139030200,0.3637,0.680597974602154
51107610300,0.36,0.686545571451535
51520020300,0.4108,0.60488667416814
51069050300,0.355,0.694582864491239
51685920202,0.3547,0.695065102073622
51550020910,0.5212,0.427423243851471
51059471100,0.3579,0.689921234528211
51790000600,0.4143,0.599260569040347
51095080306,0.3514,0.700369715479826
51059431802,0.3731,0.66548786368751
51810046400,0.3993,0.62337244815946
51085321001,0.4752,0.50136633981675
51073100400,0.4627,0.52145957241601
51199050205,0.359,0.688153030059476
51067020301,0.4022,0.618710818196431
51800065100,0.3529,0.697958527567915
51157950200,0.4551,0.533676257836361
51061930207,0.3732,0.665327117826716
51001090102,0.5378,0.400739430959653
51043010102,0.3852,0.646037614531426
51163930101,0.3843,0.647484327278573
51810044401,0.4215,0.587686867063173
51059440504,,
51550021602,0.3776,0.658254299951776
51059420800,0.338,0.721909660826234
51177020312,0.3576,0.690403472110593
51099040200,0.4104,0.605529657611317
51810045810,0.5096,0.446069763703585
51003011202,0.4824,0.489792637839576
51760061002,0.3474,0.70679954991159
51059422402,0.4022,0.618710818196431
51153901415,0.3177,0.754541070567433
51810044004,0.4787,0.495740234688957
51033030502,0.3928,0.633820929111075
51183870300,0.3994,0.623211702298666
51800065500,0.442,0.554733965600386
51059432100,0.4018,0.619353801639608
51041100920,0.3922,0.63478540427584
51059421500,0.4442,0.551197556662916
51800075406,0.3692,0.671756952258479
51193010300,0.3854,0.645716122809838
51107611811,0.3157,0.757755987783315
51067020400,0.3825,0.650377752772866
51107611807,0.3944,0.63124899533837
51179010504,0.4322,0.570487059958206
51690000300,0.4478,0.545410705674329
51041100107,0.3888,0.640250763542839
51059481400,0.3719,0.667416814017039
51087200124,0.4389,0.559717087285002
51810045425,0.2895,0.799871403311365
51760020900,0.4865,0.483202057547018
51153901416,0.3324,0.730911429030703
51041101004,0.3317,0.732036650056261
51041101003,0.3626,0.682366179070889
51153900201,0.4278,0.577559877833146
51013103100,0.3932,0.633177945667899
51059481500,0.3901,0.638161067352516
51059481900,0.4529,0.537212666773831
51087201502,0.2809,0.813695547339656
51179010206,0.381,0.652788940684777
51051040200,0.5997,0.301237743128115
51059420201,0.3251,0.742645876868671
51003010602,0.4094,0.607137116219257
51067020802,0.339,0.720302202218293
51650010602,0.5032,0.456357498794406
51059491403,0.307,0.7717408776724
51177020113,0.3796,0.655039382735895
51163930200,0.5106,0.444462305095644
51810042201,0.3944,0.63124899533837
51800075202,0.2695,0.832020575470182
51800075602,0.3728,0.665970101269892
51093280107,0.3934,0.632856453946311
51650012100,0.3556,0.693618389326475
51107611805,0.2908,0.797781707121042
51161030602,0.5289,0.415045812570326
51171040800,0.4474,0.546053689117505
51153900502,0.2845,0.807908696351069
51683910201,0.3862,0.644430155923485
51043010300,0.4281,0.577077640250764
51107610703,0.3956,0.629320045008841
51149850301,0.4432,0.552805015270857
51041100928,0.4305,0.573219739591706
51510201206,0.4918,0.474682526924932
51013103403,0.3581,0.689599742806623
51107610603,0.4068,0.611316508599904
51760010300,0.5001,0.461340620479023
51107611102,0.2658,0.837968172319563
51155210402,0.4234,0.584632695708086
51650010314,0.3913,0.636232117022987
51031020700,0.457,0.530622086481273
51153901014,0.4567,0.531104324063656
51650010310,0.4135,0.6005465359267
51015070900,0.4464,0.547661147725446
51510200301,0.4409,0.556502170069121
51005080201,0.4461,0.548143385307828
51810043200,0.2863,0.805015270856775
51019030604,0.3813,0.652306703102395
51680000801,0.3494,0.703584632695708
51187020700,0.3873,0.64266195145475
51019050102,0.3762,0.660504742002893
51153901601,0.3664,0.676257836360714
51171040300,0.4441,0.55135830252371
51153901418,0.3149,0.759041954669667
51069050801,0.343,0.71387236778653
51133020302,0.5374,0.401382414402829
51093280104,0.4253,0.581578524352998
51085321300,0.3454,0.710014467127472
51710003400,0.4673,0.514065262819482
51061930203,0.3885,0.640733001125221
51197050202,0.5625,0.361035203343514
51550020903,0.4334,0.568558109628677
51085320801,0.4409,0.556502170069121
51013102301,0.4431,0.552965761131651
51683910301,0.3938,0.632213470503135
51001090700,0.4082,0.609066066548786
51740210200,0.423,0.585275679151262
51003010501,0.3503,0.702137919948561
51089010900,0.4709,0.508278411830895
51800075103,0.421,0.588490596367144
51169030600,0.4334,0.568558109628677
51131930100,0.481,0.492043079890693
51061930204,0.4322,0.570487059958206
51087200418,0.3743,0.663558913357981
51083930301,0.4331,0.569040347211059
51131930200,0.4984,0.464073300112522
51059431001,0.3719,0.667416814017039
51173030100,0.35,0.702620157530944
51820003100,0.3939,0.632052724642341
51720960100,0.5008,0.460215399453464
51760071003,0.4441,0.55135830252371
51195930800,0.385,0.646359106253014
51107611012,0.3341,0.728178749397203
51510201805,0.4641,0.519209130364893
51087200411,0.331,0.73316187108182
51710002800,0.3778,0.657932808230188
51800075301,0.4764,0.499437389487221
51059492500,0.4296,0.574666452338852
51153980100,,
51035080200,0.4694,0.510689599742807
51075400400,0.4309,0.572576756148529
51059470100,0.4577,0.529496865455715
51041100924,0.482,0.490435621282752
51085320901,0.3444,0.711621925735412
51113930201,0.4229,0.585436425012056
51680001900,0.4272,0.57852435299791
51740210900,0.4643,0.518887638643305
51095080203,0.4645,0.518566146921717
51810042600,0.4339,0.567754380324707
51107611006,0.3172,0.755344799871403
51095080307,0.3064,0.772705352837165
51800075702,0.3719,0.667416814017039
51700032126,0.4449,0.550072335637357
51550021507,0.4742,0.502973798424691
51067020200,0.4141,0.599582060761935
51061930101,0.4859,0.484166532711783
51710004700,0.3434,0.713229384343353
51185021000,0.4555,0.533033274393184
51059432500,0.2699,0.831377592027005
51161030501,0.3275,0.738787976209613
51061930306,0.3868,0.643465680758721
51059461901,0.4005,0.621443497829931
51041100822,0.3639,0.680276482880566
51085321004,0.3373,0.723034881851792
51089010602,0.4183,0.592830734608584
51107610503,0.2984,0.785565021700691
51117930401,0.4533,0.536569683330654
51017920102,0.4482,0.544767722231153
51820003400,0.4103,0.605690403472111
51177020307,0.3667,0.675775598778331
51710006605,0.3628,0.682044687349301
51153901009,0.3341,0.728178749397203
51540000202,0.5815,0.330493489792638
51161031000,0.471,0.508117665970102
51510200802,0.4374,0.562128275196914
51810046006,0.3161,0.757113004340138
51059491601,0.4583,0.52853239029095
51059431500,0.3247,0.743288860311847
51087200407,0.3896,0.638964796656486
51143010900,0.3626,0.682366179070889
51107611602,0.3212,0.74891496543964
51683910302,0.4807,0.492525317473075
51177020407,0.4003,0.621764989551519
51700031701,0.552,0.377913518726893
51035080100,0.3288,0.73669828001929
51059430700,0.3683,0.673203665005626
51015070802,0.3631,0.681562449766919
51107611020,0.3978,0.625783636071371
51059422000,0.3862,0.644430155923485
51169030100,0.5506,0.38016396077801
51087200801,0.3643,0.67963349943739
51051040300,0.5032,0.456357498794406
51710006000,0.3626,0.682366179070889
51059482603,0.3571,0.691207201414564
51083930202,0.5013,0.459411670149494
51153900404,0.2831,0.810159138402186
51107980100,,
51550021603,0.3812,0.652467448963189
51059432401,0.2916,0.796495740234689
51095080202,0.374,0.664041150940363
51117930104,0.406,0.612602475486256
51660000102,0.43,0.574023468895676
51035080402,0.3206,0.749879440604405
51199050304,0.3264,0.740556180678348
51550021306,0.2209,0.910143063816107
51650010309,0.4545,0.534640733001125
51510201500,0.4078,0.609709049991963
51015070400,0.3912,0.636392862883781
51107611300,0.4042,0.61549590098055
51067020901,0.4312,0.572094518566147
51087200122,0.3739,0.664201896801157
51113930202,0.4257,0.580935540909822
51195931200,0.3636,0.680758720462948
51159040200,0.3582,0.689438996945829
51041101009,0.3538,0.696511814820768
51087200148,0.314,0.760488667416814
51177020206,0.364,0.680115737019772
51760040800,0.4399,0.558109628677062
51041100915,0.356,0.692975405883299
51179010205,0.2781,0.81819643144189
51760021100,0.4209,0.588651342227938
51059421702,0.3023,0.779295933129722
51810043005,0.4438,0.551840540106092
51037930102,0.4812,0.491721588169105
51167030600,0.4347,0.566468413438354
51700032113,0.4117,0.603439961420993
51101950300,0.3927,0.633981674971869
51810045408,0.3494,0.703584632695708
51089011000,0.4593,0.526924931683009
51067020801,0.3931,0.633338691528693
51165012000,0.4132,0.601028773509082
51740213103,0.4308,0.572737502009323
51109950201,0.482,0.490435621282752
51015070702,0.3636,0.680758720462948
51171040101,0.4079,0.609548304131169
51059491101,0.3117,0.764185822215078
51087200904,0.407,0.610995016878315
51059482505,0.383,0.649574023468896
51810044807,0.4564,0.531586561646038
51760030502,0.4445,0.550715319080534
51077060202,0.4269,0.579006590580293
51670820400,0.4162,0.59620639768526
51620090200,0.4524,0.538016396077801
51065020200,0.4326,0.56984407651503
51167030404,0.5644,0.357981031988426
51087201203,0.3174,0.755023308149815
51053840101,0.39,0.63832181321331
51013102100,0.5105,0.444623050956438
51059450500,0.3402,0.718373251888764
51830370300,0.4682,0.512618550072336
51650011200,0.423,0.585275679151262
51181860100,0.4853,0.485131007876547
51087200108,0.4485,0.54428548464877
51161031201,0.3871,0.642983443176338
51003010502,0.4262,0.580131811605851
51107611501,0.4331,0.569040347211059
51067020501,0.417,0.594920430798907
51013101503,0.4459,0.548464877029416
51107610400,0.4716,0.507153190805337
51059460200,0.3628,0.682044687349301
51059480903,0.372,0.667256068156245
51087201001,0.3585,0.688956759363447
51163930102,0.4564,0.531586561646038
51550020804,0.3516,0.700048223758238
51041100823,0.3578,0.690081980389005
51191010302,0.4706,0.508760649413278
51125950201,0.4742,0.502973798424691
51121020600,0.4806,0.492686063333869
51171040501,0.5017,0.458768686706317
51047930502,0.3603,0.686063333869153
51109950302,0.3799,0.654557145153512
51115951402,0.5359,0.40379360231474
51069051103,0.3979,0.625622890210577
51107611027,0.3065,0.77254460697637
51800075502,0.3638,0.68043722874136
51117930300,0.5202,0.429030702459412
51103030100,0.4337,0.568075872046295
51610500200,0.3729,0.665809355409098
51153901230,0.2439,0.873171515833467
51095080403,0.3192,0.752129882655522
51107610101,0.3845,0.647162835556984
51085320602,0.4516,0.539302362964154
51107611808,0.3334,0.729303970422762
51121020801,0.4389,0.559717087285002
51005070100,0.4689,0.511493329046777
51059460800,0.4428,0.553447998714033
51041100106,0.3148,0.759202700530461
51760010900,0.4895,0.478379681723196
51019030104,0.3918,0.635428387719016
51600300200,0.3911,0.636553608744575
51530930601,0.6468,0.225526442694101
51700031200,0.3963,0.628194823983282
51031020402,0.3944,0.63124899533837
51760041100,0.4628,0.521298826555216
51590000300,0.4438,0.551840540106092
51041101011,0.2648,0.839575630927504
51790000200,0.4007,0.621122006108343
51730810300,0.4747,0.50217006912072
51015070801,0.4378,0.561485291753737
51047930501,0.3929,0.633660183250281
51710002900,0.4349,0.566146921716766
51595890200,0.4641,0.519209130364893
51810042000,0.4686,0.511975566629159
51153901505,0.3162,0.756952258479344
51580060200,0.3738,0.664362642661951
51161030205,0.353,0.697797781707121
51195931600,0.4101,0.606011895193699
51031020102,0.3723,0.666773830573863
51133020301,0.3975,0.626265873653753
51059482001,0.3774,0.658575791673364
51830370200,0.3657,0.677383057386272
51141030301,0.4431,0.552965761131651
51013102901,0.3242,0.744092589615818
51107611101,0.4472,0.546375180839093
51740213200,0.4229,0.585436425012056
51177020309,0.3024,0.779135187268928
51740211100,0.4141,0.599582060761935
51007930200,0.4624,0.521941809998393
51063920103,0.3821,0.651020736216043
51013100200,0.4265,0.579649574023469
51009010401,0.4097,0.606654878636875
51059980300,,
51107611013,0.3375,0.722713390130204
51061930705,0.4115,0.603761453142582
51153901012,0.3862,0.644430155923485
51187020601,0.4007,0.621122006108343
51660000101,0.4883,0.480308632052725
51550020002,0.3549,0.694743610352034
51660000204,0.4961,0.467770454910786
51059421900,0.3167,0.756148529175374
51137110107,0.3055,0.774152065584311
51710000100,0.4195,0.590901784279055
51680000901,0.373,0.665648609548304
51810046216,0.3062,0.773026844558753
51191010301,0.3737,0.664523388522746
51740212900,0.371,0.668863526764186
51680000100,0.4805,0.492846809194663
51013101200,0.4417,0.555216203182768
51059491602,0.3464,0.708407008519531
51087200137,0.4947,0.470020896961903
51033030501,0.323,0.746021539945347
51099040301,0.3268,0.739913197235171
51810040404,0.3773,0.658736537534159
51590000500,0.5195,0.43015592348497
51057950800,0.3738,0.664362642661951
51510200104,0.3666,0.675936344639126
51600300100,0.4163,0.596045651824466
51061930305,0.4347,0.566468413438354
51107611813,0.3357,0.725606815624498
51760070700,0.3375,0.722713390130204
51770002800,0.5779,0.336280340781225
51810040405,0.3964,0.628034078122489
51093280101,0.4636,0.520012859668864
51660000203,0.421,0.588490596367144
51660000207,0.6146,0.277286609869796
51003011103,0.5029,0.456839736376788
51087200142,0.3182,0.753737341263463
51049930101,0.4693,0.510850345603601
51001090202,0.4315,0.571612280983765
51510200900,0.3461,0.708889246101913
51510980000,,
51153901602,0.3503,0.702137919948561
51059450900,0.3287,0.736859025880084
51059420300,0.3415,0.716283555698441
51161030207,0.4006,0.621282751969137
51069050500,0.461,0.52419225204951
51550021005,0.3433,0.713390130204147
51059432402,0.3025,0.778974441408134
51015070602,0.5082,0.448320205754702
51153900408,0.4191,0.591544767722231
51153901507,0.3365,0.724320848738145
51107610702,0.3377,0.722391898408616
51750010201,0.5053,0.45298183571773
51163930302,0.4799,0.493811284359428
51059482503,0.3917,0.63558913357981
51027010400,0.4261,0.580292557466645
51810045433,0.2953,0.790548143385308
51059420502,0.3528,0.698119273428709
51650010103,0.3667,0.675775598778331
51153900503,0.6266,0.257997106574506
51550021503,0.248,0.86658093554091
51161030502,0.576,0.339334512136313
51013103700,0.4538,0.535765954026684
51179010301,0.3188,0.752772866098698
51650010311,0.3905,0.637518083909339
51165010600,0.4332,0.568879601350265
51119951100,0.463,0.520977334833628
51153901224,0.3675,0.674489631891979
51107611601,0.3306,0.733804854524996
51109950400,0.4813,0.491560842308311
51127700301,0.3716,0.667899051599421
51065020103,0.6871,0.160745860794084
51087200302,0.4163,0.596045651824466
51139030402,0.4183,0.592830734608584
51015071000,0.3896,0.638964796656486
51153901226,0.337,0.723517119434175
51135000200,0.4297,0.574505706478058
51025930100,0.4425,0.553930236296415
51650010504,0.5571,0.369715479826394
51660000205,0.4719,0.506670953222955
51107611208,0.444,0.551519048384504
51199050207,0.2587,0.849381128435943
51730811200,0.3941,0.631731232920752
51059491802,0.3286,0.737019771740878
51059421701,0.4185,0.592509242886996
51095080304,0.3783,0.657129078926218
51121021102,0.3873,0.64266195145475
51760030200,0.6112,0.282751969136795
51143010200,0.4182,0.592991480469378
51059431602,0.4844,0.486577720623694
51107611209,0.3526,0.698440765150297
51059461700,0.4293,0.575148689921235
51059452101,0.4026,0.618067834753255
51678930501,0.402,0.61903230991802
51810045422,0.3847,0.646841343835396
51179010210,0.3321,0.731393666613085
51109950303,0.4374,0.562128275196914
51710007002,0.4121,0.602796977977817
51173030301,0.4277,0.57772062369394
51810044006,0.3774,0.658575791673364
51059481103,0.3725,0.666452338852275
51009010505,0.4044,0.615174409258962
51083930800,0.4442,0.551197556662916
51683910402,0.3079,0.770294164925253
51099040500,0.3969,0.627230348818518
51003010303,0.3321,0.731393666613085
51179010304,0.348,0.705835074746825
51760010600,0.4146,0.598778331457965
51107610102,0.3619,0.683491400096448
51069050402,0.3615,0.684134383539624
51127700200,0.4234,0.584632695708086
51683910401,0.3647,0.678990515994213
51165011900,0.3973,0.626587365375342
51800075801,0.4843,0.486738466484488
51005080100,0.466,0.516154959009805
51059450602,0.378,0.6576113165086
51700032131,0.3334,0.729303970422762
51650010304,0.3662,0.676579328082302
51115951302,0.3031,0.778009966243369
51107611002,0.4829,0.488988908535605
51135000102,0.3224,0.746986015110111
51165010302,0.3648,0.678829770133419
51680001601,0.3814,0.652145957241601
51105950200,0.4203,0.589615817392702
51580060100,0.4179,0.59347371805176
51710006501,0.4834,0.488185179231635
51059440202,0.4127,0.601832502813053
51710004002,0.5584,0.367625783636071
51590000800,0.5041,0.454910786047259
51153900100,0.3242,0.744092589615818
51013102701,0.4026,0.618067834753255
51041100816,0.343,0.71387236778653
51035080601,0.3798,0.654717891014306
51183870400,0.3991,0.623693939881048
51059452802,0.3575,0.690564217971387
51143010100,0.4136,0.600385790065906
51061930706,0.3877,0.642018968011574
51770000300,0.3872,0.642822697315544
51093280106,0.3207,0.74971869474361
51143011200,0.5178,0.43288860311847
51121020701,0.6527,0.21604243690725
51139030300,0.4264,0.579810319884263
51019030204,0.363,0.681723195627713
51041100505,0.3725,0.666452338852275
51059480203,0.446,0.548304131168622
51059481702,0.46,0.525799710657451
51059480503,0.2526,0.859186625944382
51003010801,0.4408,0.556662915929915
51179010403,0.3916,0.635749879440605
51510200703,0.4081,0.609226812409581
51069051001,0.3821,0.651020736216043
51185020800,0.3734,0.665005626105128
51059421200,0.2976,0.786850988587044
51155210201,0.4602,0.525478218935862
51061930402,0.3339,0.728500241118791
51800075407,0.4258,0.580774795049027
51067020701,0.5113,0.443337084070085
51760070300,0.4838,0.487542195788459
51041100821,0.4425,0.553930236296415
51177020203,0.3563,0.692493168300916
51145500101,0.3633,0.68124095804533
51153900904,0.3148,0.759202700530461
51109950202,0.3811,0.652628194823983
51810045428,0.4533,0.536569683330654
51153901211,0.3432,0.713550876064941
51015070300,0.3699,0.670631731232921
51087201403,0.392,0.635106895997428
51810045200,0.4263,0.579971065745057
51195931500,0.4161,0.596367143546054
51810042801,0.4036,0.616460376145314
51153901231,0.3926,0.634142420832664
51089011200,0.5219,0.426298022825912
51059481600,0.3674,0.674650377752773
51143010301,0.4681,0.51277929593313
51105950600,0.4239,0.583828966404115
51143010500,0.4505,0.541070567432889
51041100819,0.2964,0.788779938916573
51510200102,0.3707,0.669345764346568
51143011002,0.4891,0.479022665166372
51069050900,0.4682,0.512618550072336
51700030100,0.4704,0.509082141134866
51085321403,0.3753,0.66195145475004
51001090500,0.4455,0.549107860472593
51191010601,0.4744,0.502652306703102
51085321401,0.4356,0.565021700691207
51161030601,0.3658,0.677222311525478
51061930401,0.3069,0.771901623533194
51550020908,0.3982,0.625140652628195
51059415800,0.3553,0.694100626908857
51025930203,0.4547,0.534319241279537
51177020106,0.3802,0.65407490757113
51073100500,0.3955,0.629480790869635
51730811100,0.3417,0.715962063976853
51153901305,0.2926,0.794888281626748
51059470900,0.4697,0.510207362160424
51059492000,0.3113,0.764828805658254
51760060800,0.4088,0.608101591384022
51185021102,0.5647,0.357498794406044
51095080305,0.4167,0.595402668381289
51041101012,0.3533,0.697315544124739
51171040700,0.4677,0.513422279376306
51810046002,0.4516,0.539302362964154
51063920104,0.3736,0.66468413438354
51167030500,0.4582,0.528693136151744
51590000400,0.5631,0.360070728178749
51570830100,0.3355,0.725928307346086
51179010201,0.2595,0.84809516154959
51510200403,0.2642,0.840540106092268
51043010101,0.3993,0.62337244815946
51810045432,0.3238,0.744735573058994
51510200500,0.4366,0.563414242083266
51155210401,0.3963,0.628194823983282
51510201205,0.3306,0.733804854524996
51003011301,0.3771,0.659058029255747
51167030100,0.4443,0.551036810802122
51069050807,0.364,0.680115737019772
51027010300,0.3726,0.666291592991481
51177020404,0.4918,0.474682526924932
51195930900,0.4316,0.571451535122971
51107610602,0.343,0.71387236778653
51107611015,0.3559,0.693136151744093
51059471201,0.357,0.691367947275358
51117930402,0.4645,0.518566146921717
51510201803,0.3675,0.674489631891979
51760040600,0.407,0.610995016878315
51165011700,0.435,0.565986175855972
51177020207,0.3371,0.723356373573381
51143010600,0.4404,0.557305899373091
51153901413,0.3023,0.779295933129722
51163930301,0.4281,0.577077640250764
51710980100,,
51810046010,0.308,0.770133419064459
51161030802,0.3691,0.671917698119274
51075400102,0.4734,0.504259765311043
51730810100,0.4204,0.589455071531908
51775010300,0.4058,0.612923967207844
51131990100,,
51117930600,0.4358,0.564700208969619
51041100508,0.3218,0.747950490274875
51011040102,0.4191,0.591544767722231
51153901234,0.3386,0.720945185661469
51590001400,0.4729,0.505063494615014
51083930100,0.4073,0.610512779295933
51540000302,0.4274,0.578202861276322
51165010100,0.3759,0.660986979585276
51149850400,0.3288,0.73669828001929
51570830500,0.3532,0.697476289985533
51173030200,0.4202,0.589776563253496
51750010202,0.4262,0.580131811605851
51520020202,0.4536,0.536087445748272
51047930202,0.386,0.644751647645073
51760040900,0.4059,0.61276322134705
51139030401,0.3437,0.712747146760971
51059430203,0.3852,0.646037614531426
51013980100,,
51059420700,0.3565,0.692171676579328
51510200106,0.4505,0.541070567432889
51540000600,0.7051,0.131811605851149
51001980100,,
51121020402,0.6595,0.205111718373252
51085321201,0.6005,0.299951776241762
51153901221,0.321,0.749236457161228
51087200132,0.3934,0.632856453946311
51179010305,0.3956,0.629320045008841
51059491102,0.3165,0.756470020896962
51041100407,0.3561,0.692814660022504
51099040100,0.3306,0.733804854524996
51153901510,0.3331,0.729786208005144
51049930102,0.4502,0.541552805015271
51740210400,0.4189,0.591866259443819
51153901203,0.5081,0.448480951615496
51087201104,0.4865,0.483202057547018
51191010402,0.4125,0.602153994534641
51600300300,0.4839,0.487381449927664
51103030200,0.5231,0.424369072496383
51067020902,0.4283,0.576756148529175
51650011001,0.5864,0.322616942613728
51137110301,0.4099,0.606333386915287
51550020907,0.4668,0.514868992123453
51061930704,0.4167,0.595402668381289
51107611019,0.2967,0.788297701334191
51107611026,0.2648,0.839575630927504
51550021305,0.2166,0.917055135830253
51013101805,0.2911,0.797299469538659
51059492203,0.3512,0.700691207201415
51041100506,0.412,0.602957723838611
51107610202,0.3301,0.734608583828966
51059431400,0.3534,0.697154798263945
51191010700,0.418,0.593312972190966
51760060502,0.544,0.39077318759042
51053840500,0.3988,0.62417617746343
51153901420,0.3087,0.769008198038901
51550021604,0.3854,0.645716122809838
51059480402,0.4687,0.511814820768365
51760070804,0.4728,0.505224240475808
51087201003,0.3958,0.628998553287253
51059432202,0.3428,0.714193859508118
51107611812,0.337,0.723517119434175
51059451000,0.3407,0.717569522584793
51087200807,0.4672,0.514226008680276
51083930601,0.4315,0.571612280983765
51001090101,0.4611,0.524031506188716
51035080401,0.444,0.551519048384504
51810045809,0.3482,0.705513583025237
51139030100,0.4157,0.59701012698923
51107610900,0.5336,0.407490757113004
51041100912,0.3567,0.69185018485774
51065020300,0.4519,0.538820125381771
51137110106,0.3167,0.756148529175374
51085320500,0.4183,0.592830734608584
51059461802,0.3842,0.647645073139367
51121021400,0.4117,0.603439961420993
51700032226,0.3837,0.648448802443337
51087200416,0.3487,0.704709853721267
51179010202,0.3449,0.710818196431442
51095080205,0.4887,0.479665648609548
51073100101,0.3703,0.669988747789744
51035080603,0.7237,0.10191287574345
51650011002,0.486,0.484005786850989
51061930404,0.5007,0.460376145314258
51197050302,0.3772,0.658897283394953
51540000900,0.4292,0.575309435782029
51760060700,0.4185,0.592509242886996
51105950400,0.3737,0.664523388522746
51059415300,0.3548,0.694904356212828
51059492100,0.3675,0.674489631891979
51041100923,0.2976,0.786850988587044
51053840601,0.3949,0.6304452660344
51095080209,0.412,0.602957723838611
51145500102,0.3057,0.773830573862723
51790000500,0.5226,0.425172801800354
51083930302,0.3657,0.677383057386272
51177020315,0.2159,0.918180356855811
51191010102,0.4129,0.601511011091465
51013101501,0.3819,0.651342227937631
51760050600,0.4556,0.53287252853239
51640070101,0.4751,0.501527085677544
51193010102,0.5346,0.405883298505064
51041100807,0.3114,0.76466805979746
51810041801,0.4347,0.566468413438354
51550020700,0.4379,0.561324545892943
51153901509,0.357,0.691367947275358
51071930100,0.404,0.615817392702138
51179010105,0.2611,0.845523227776885
51830370100,0.5547,0.373573380485453
51810043004,0.4829,0.488988908535605
51059421001,0.3924,0.634463912554252
51153900905,0.3832,0.649252531747307
51800075104,0.5072,0.449927664362643
51033030600,0.3692,0.671756952258479
51153901013,0.3727,0.666130847130686
51087200127,0.4127,0.601832502813053
51153901010,0.2712,0.829287895836682
51177020107,0.3344,0.727696511814821
51087200136,0.4946,0.470181642822697
51670820500,0.4509,0.540427583989712
51087200700,0.4654,0.51711943417457
51197050402,0.3534,0.697154798263945
51800075503,0.4029,0.617585597170873
51710006606,0.488,0.480790869635107
51700032132,0.3615,0.684134383539624
51810043002,0.4222,0.586561646037615
51041100704,0.4721,0.506349461501366
51107610506,0.4391,0.559395595563414
51590001100,0.4205,0.589294325671114
51036600200,0.4238,0.583989712264909
51125950300,0.4597,0.526281948239833
51059451100,0.3733,0.665166371965922
51059452501,0.4022,0.618710818196431
51710002600,0.4527,0.537534158495419
51019030503,0.5274,0.417457000482238
51810045407,0.3352,0.726410544928468
51800075302,0.507,0.450249156084231
51059450601,0.4697,0.510207362160424
51107611702,0.2624,0.843433531586562
51800065401,0.4288,0.575952419225205
51770001000,0.6023,0.297058350747468
51001980200,,
51187020200,0.3592,0.687831538337888
51197050301,0.3781,0.657450570647806
51015070701,0.3188,0.752772866098698
51137110200,0.3899,0.638482559074104
51117930201,0.5401,0.397042276161389
51013102400,0.382,0.651181482076837
51035080300,0.5032,0.456357498794406
51590000600,0.463,0.520977334833628
51089010800,0.3624,0.682687670792477
51049930200,0.3677,0.674168140170391
51033030400,0.4241,0.583507474682527
51059422102,0.3106,0.765954026683813
51810041200,0.4029,0.617585597170873
51013102001,0.5156,0.43642501205594
51820003200,0.4524,0.538016396077801
51059471402,0.4671,0.514386754541071
51153900407,0.4974,0.465680758720463
51550021406,0.3161,0.757113004340138
51009010402,0.3889,0.640090017682045
51059461202,0.3591,0.687992284198682
51095080308,0.3347,0.727214274232439
51087200109,0.4223,0.58640090017682
51117930700,0.499,0.463108824947758
51079030101,0.4717,0.506992444944543
51179010216,0.3456,0.709692975405883
51680000205,0.371,0.668863526764186
51013100400,0.4065,0.611798746182286
51083930204,0.4178,0.593634463912554
51001090800,0.4439,0.551679794245298
51161030900,0.514,0.438996945828645
51149850501,0.3731,0.66548786368751
51089010300,0.417,0.594920430798907
51059416300,0.4713,0.507635428387719
51057950700,0.4435,0.552322777688475
51087201601,0.3331,0.729786208005144
51069050700,0.4634,0.520334351390452
51199050306,0.4116,0.603600707281788
51145500201,0.4006,0.621282751969137
51800075207,0.3637,0.680597974602154
51079030102,0.4235,0.584471949847291
51810044008,0.5591,0.366500562610513
51059430801,0.3026,0.77881369554734
51079030201,0.3313,0.732679633499437
51810040403,0.394,0.631891978781546
51135000300,0.4053,0.613727696511815
51141030102,0.4679,0.513100787654718
51550021104,0.3755,0.661629963028452
51059415500,0.4518,0.538980871242566
51067020302,0.4039,0.615978138562932
51087200503,0.3742,0.663719659218775
51590000100,0.4349,0.566146921716766
51059415600,0.3973,0.626587365375342
51770002700,0.3822,0.650859990355248
51650010307,0.2975,0.787011734447838
51041100701,0.3581,0.689599742806623
51059491301,0.3572,0.691046455553769
51119950900,0.3918,0.635428387719016
51059460900,0.3869,0.643304934897926
51087200907,0.3814,0.652145957241601
51640070102,0.5493,0.382253656968333
51680000300,0.5089,0.447194984729143
51161030201,0.3278,0.73830573862723
51009010201,0.4257,0.580935540909822
51087200139,0.4463,0.54782189358624
51760041600,0.5145,0.438193216524675
51089010400,0.3941,0.631731232920752
51191010602,0.455,0.533837003697155
51121020401,0.6732,0.183089535444462
51059450100,0.3811,0.652628194823983
51041100907,0.4142,0.599421314901141
51019030401,0.4152,0.597813856293201
51650010800,0.4052,0.613888442372609
51153901508,0.378,0.6576113165086
51127700100,0.365,0.678508278411831
51059481102,0.348,0.705835074746825
51840000202,0.4064,0.61195949204308
51153901227,0.3497,0.703102395113326
51041100805,0.3665,0.67609709049992
51165010700,0.4047,0.614692171676579
51013101803,0.4934,0.472110593152226
51191011000,0.4169,0.595081176659701
51087200135,0.3605,0.685741842147565
51087200150,0.3546,0.695225847934416
51153901236,0.3356,0.725767561485292
51003011303,0.3711,0.668702780903392
51059432800,0.3963,0.628194823983282
51153901306,0.3312,0.732840379360232
51700032225,0.3957,0.629159299148047
51810046014,0.2942,0.792316347854043
51165011600,0.4193,0.591223276000643
51023040303,0.3505,0.701816428226973
51165011200,0.4284,0.576595402668381
51153901232,0.3646,0.679151261855007
51810041400,0.421,0.588490596367144
51003010302,0.4082,0.609066066548786
51065020101,0.3494,0.703584632695708
51177020202,0.3656,0.677543803247066
51195931400,0.4418,0.555055457321974
51085320300,0.3918,0.635428387719016
51179010308,0.3685,0.672882173284038
51107611029,0.3873,0.64266195145475
51025930201,0.3209,0.749397203022022
51113930102,0.4328,0.569522584793442
51800075701,0.4178,0.593634463912554
51153900301,0.4027,0.617907088892461
51117930103,0.2982,0.785886513422279
51073100301,0.381,0.652788940684777
51069051102,0.4714,0.507474682526925
51013103601,0.3203,0.750361678186787
51087200415,0.463,0.520977334833628
51147930301,0.4221,0.586722391898409
51149850100,0.403,0.617424851310079
51195931100,0.5486,0.383378877993892
51145500400,0.3568,0.691689438996946
51121021300,0.387,0.643144189037132
51121020202,0.5072,0.449927664362643
51161030100,0.4068,0.611316508599904
51810045807,0.2918,0.796174248513101
51121020500,0.4947,0.470020896961903
51003011101,0.4252,0.581739270213792
51107611202,0.3439,0.712425655039383
51690000400,0.4588,0.52772866098698
51165010301,0.3374,0.722874135990998
51153900601,0.3293,0.735894550715319
51153901208,0.3717,0.667738305738627
51550021013,0.2759,0.82173284037936
51550020912,0.3831,0.649413277608102
51155210101,0.448,0.545089213952741
51710003800,0.4619,0.522745539302363
51089011300,0.4253,0.581578524352998
51099040400,0.4003,0.621764989551519
51199050401,0.3436,0.712907892621765
51023040501,0.3406,0.717730268445588
51121021101,0.4329,0.569361838932647
51137110108,0.3862,0.644430155923485
51161030803,0.3767,0.659701012698923
51630000202,0.4541,0.535283716444302
51041100510,0.3692,0.671756952258479
51089010100,0.3747,0.662915929914805
51073100202,0.4436,0.552162031827681
51550021014,0.4338,0.567915126185501
51067020600,0.4922,0.474039543481755
51775010100,0.4411,0.556180678347532
51161030701,0.3989,0.624015431602636
51125950102,0.5771,0.337566307667578
51153900804,0.3868,0.643465680758721
51179010306,0.4455,0.549107860472593
51015071201,0.3179,0.754219578845845
51107611005,0.3782,0.657289824787012
51021040100,0.3613,0.684455875261212
51191010200,0.3525,0.698601511011091
51179010107,0.3674,0.674650377752773
51013103800,0.3394,0.719659218775117
51001090600,0.5069,0.450409901945025
51059480302,0.4778,0.497186947436104
51800075803,0.3703,0.669988747789744
51121020702,0.4819,0.490596367143546
51650010315,0.4401,0.557788136955473
51025930301,0.4607,0.524674489631892
51031020401,0.3759,0.660986979585276
51760010401,0.5187,0.431441890371323
51109950301,0.4099,0.606333386915287
51680001602,0.4418,0.555055457321974
51081880101,0.4044,0.615174409258962
51143010804,0.3841,0.647805819000161
51153901503,0.403,0.617424851310079
51087201405,0.2662,0.837325188876386
51059491404,0.3227,0.746503777527729
51810045801,0.3843,0.647484327278573
51540001000,0.5346,0.405883298505064
51013102003,0.5756,0.339977495579489
51510201601,0.4197,0.590580292557467
51153901223,0.361,0.684938112843594
51153901412,0.3063,0.772866098697959
51041100938,0.3563,0.692493168300916
51015070500,0.3659,0.677061565664684
51013100500,0.4265,0.579649574023469
51650011600,0.374,0.664041150940363
51087201602,0.4149,0.598296093875583
51073100302,0.3625,0.682526924931683
51059470800,0.4349,0.566146921716766
51001090402,0.4545,0.534640733001125
51810045421,0.3738,0.664362642661951
51041100814,0.3458,0.709371483684295
51107610601,0.4245,0.582864491239351
51550020805,0.2963,0.788940684777367
51087201204,0.428,0.577238386111558
51670980100,,
51119951000,0.4228,0.58559717087285
51775010502,0.4528,0.537373412634625
51083930500,0.4501,0.541713550876065
51087200123,0.3413,0.716605047420029
51520020100,0.4609,0.524352997910304
51630000201,0.4352,0.565664684134384
51041100405,0.4124,0.602314740395435
51760040202,0.4315,0.571612280983765
51153900701,0.4173,0.594438193216525
51179010406,0.3539,0.696351068959974
51089011100,0.4488,0.543803247066388
51041100403,0.4395,0.558752612120238
51051040100,0.4407,0.556823661790709
51153901219,0.2999,0.78315383378878
51185020500,0.5691,0.350425976531104
51059440800,0.4317,0.571290789262177
51199050900,0.3539,0.696351068959974
51810046222,0.3849,0.646519852113808
51059451501,0.4895,0.478379681723196
51121020900,0.4549,0.533997749557949
51650010104,0.4435,0.552322777688475
51001090201,0.3494,0.703584632695708
51015071202,0.414,0.59974280662273
51107611018,0.43,0.574023468895676
51089010200,0.4091,0.60761935380164
51059471301,0.3822,0.650859990355248
51003010201,0.3804,0.653753415849542
51760070400,0.4214,0.587847612923967
51015070200,0.3944,0.63124899533837
51155210300,0.4986,0.463751808390934
51059461605,0.3801,0.654235653431924
51107610604,0.3412,0.716765793280823
51041100921,0.3718,0.667577559877833
51059482400,0.356,0.692975405883299
51019030103,0.4277,0.57772062369394
51775010501,0.533,0.408455232277769
51023040301,0.395,0.630284520173606
51013980200,,
51810046020,0.3248,0.743128114451053
51167030402,0.3751,0.662272946471628
51013100100,0.3867,0.643626426619515
51700031702,0.3667,0.675775598778331
51047930101,0.4239,0.583828966404115
51059480301,0.4317,0.571290789262177
51087200905,0.3901,0.638161067352516
51810046204,0.4008,0.620961260247549
51173030400,0.4352,0.565664684134384
51790000401,0.4205,0.589294325671114
51019030404,0.4078,0.609709049991963
51067020102,0.5888,0.31875904195467
51153900801,0.3245,0.743610352033435
51107611901,0.2977,0.78669024272625
51710005901,0.4368,0.563092750361678
51089010700,0.4174,0.594277447355731
51107611009,0.3189,0.752612120237904
51187020500,0.4064,0.61195949204308
51153901421,0.2937,0.793120077158013
51153901506,0.2831,0.810159138402186
51059482504,0.3624,0.682687670792477
51003010202,0.4368,0.563092750361678
51760070803,0.5121,0.442051117183733
51137110104,0.4215,0.587686867063173
51041100509,0.253,0.858543642501206
51011040101,0.394,0.631891978781546
51550021016,0.5094,0.446391255425173
51041100931,0.3565,0.692171676579328
51147930204,0.5073,0.449766918501849
51059420400,0.3448,0.710978942292236
51191010401,0.3532,0.697476289985533
51153901704,0.3534,0.697154798263945
51087201205,0.3682,0.67336441086642
51153901504,0.3246,0.743449606172641
51059430901,0.3344,0.727696511814821
51690000200,0.5173,0.43369233242244
51153901225,0.3373,0.723034881851792
51165010500,0.4469,0.546857418421476
51193010101,0.5927,0.3124899533837
51710001200,0.5578,0.368590258800836
51810040801,0.3951,0.630123774312811
51179010212,0.3175,0.754862562289021
51760020502,0.3884,0.640893746986015
51059491705,0.361,0.684938112843594
51003010604,0.4335,0.568397363767883
51810046213,0.3311,0.733001125221026
51087200502,0.2934,0.793602314740395
51770000100,0.4562,0.531908053367626
51810045808,0.3765,0.660022504420511
51059450800,0.4108,0.60488667416814
51770002900,0.4702,0.509403632856454
51620090100,0.3609,0.685098858704388
51770000601,0.4276,0.577881369554734
51550021011,0.3236,0.745057064780582
51740213104,0.3083,0.769651181482077
51700031603,0.3357,0.725606815624498
51550021004,0.3946,0.630927503616782
51740211800,0.6034,0.295290146278733
51013100300,0.4576,0.529657611316509
51149850200,0.284,0.808712425655039
51700032001,0.4324,0.570165568236618
51570830300,0.3335,0.729143224561968
51191010501,0.4812,0.491721588169105
51810044806,0.4333,0.568718855489471
51107611205,0.3482,0.705513583025237
51810044202,0.4448,0.550233081498152
51085321402,0.3853,0.645876868670632
51187020400,0.3796,0.655039382735895
51810040200,0.4279,0.577399131972352
51595890100,0.4014,0.619996785082784
51059451502,0.4654,0.51711943417457
51059482601,0.3156,0.757916733644109
51153901417,0.4195,0.590901784279055
51041100815,0.3047,0.775438032470664
51750010102,0.5929,0.312168461662112
51107610800,0.3957,0.629159299148047
51187020102,0.4422,0.554412473878798
51770002301,0.5708,0.347693296897605
51810046212,0.3587,0.688635267641858
51143010302,0.4587,0.527889406847774
51660000302,0.4516,0.539302362964154
51510200600,0.3821,0.651020736216043
51003010402,0.4467,0.547178910143064
51107611803,0.3304,0.734126346246584
51185020100,0.4579,0.529175373734127
51095080104,0.488,0.480790869635107
51590000200,0.4157,0.59701012698923
51810045434,0.4313,0.571933772705353
51059460400,0.4763,0.499598135348015
51059432701,0.3189,0.752612120237904
51169030500,0.4115,0.603761453142582
51021040200,0.4055,0.613406204790227
51061930304,0.3934,0.632856453946311
51770000602,0.3901,0.638161067352516
51760070802,0.4283,0.576756148529175
51059420203,0.2965,0.788619193055779
51810045415,0.3464,0.708407008519531
51003010802,0.4895,0.478379681723196
51800075703,0.4195,0.590901784279055
51095080402,0.3836,0.648609548304131
51059470400,0.4489,0.543642501205594
51199051000,0.4514,0.539623854685742
51145500300,0.3561,0.692814660022504
51047930300,0.4021,0.618871564057226
51059416200,0.2983,0.785725767561485
51680000700,0.4235,0.584471949847291
51035080501,0.3889,0.640090017682045
51650011100,0.3513,0.700530461340621
51185020302,0.3706,0.669506510207362
51019030403,0.3447,0.71113968815303
51810040600,0.4041,0.615656646841344
51121020201,0.5405,0.396399292718213
51061930102,0.5026,0.457321973959171
51013102702,0.2978,0.786529496865456
51061930206,0.4244,0.583025237100145
51115951401,0.4997,0.461983603922199
51550020814,0.2987,0.785082784118309
51061930205,0.3736,0.66468413438354
51041100804,0.4721,0.506349461501366
51680001800,0.3311,0.733001125221026
51171040502,0.3894,0.639286288378074
51087200144,0.3378,0.722231152547822
51147930302,0.4314,0.571773026844559
51800075401,0.3888,0.640250763542839
51810043800,0.5254,0.420671917698119
51175200402,0.3881,0.641375984568397
51149850502,0.3322,0.731232920752291
51071930300,0.4254,0.581417778492204
51105950100,0.4562,0.531908053367626
51735340200,0.3409,0.717248030863205
51019030202,0.4299,0.57418421475647
51089010601,0.4611,0.524031506188716
51630000500,0.4256,0.581096286770616
51153901011,0.3532,0.697476289985533
51079030202,0.3848,0.646680597974602
51690000500,0.463,0.520977334833628
51600300500,0.4476,0.545732197395917
51089010500,0.3983,0.624979906767401
51077060102,0.485,0.48561324545893
51107610505,0.4132,0.601028773509082
51113930101,0.4456,0.548947114611799
51740210500,0.7445,0.0684777366982799
51069051104,0.3204,0.750200932325993
51063920201,0.4111,0.604404436585758
51171040102,0.3646,0.679151261855007
51107611030,0.2972,0.78749397203022
51107610201,0.4201,0.58993730911429
51127700302,0.368,0.673685902588009
51103030302,0.5655,0.356212827519691
51073100102,0.3154,0.758238225365697
51059480801,0.3251,0.742645876868671
51093280300,0.4087,0.608262337244816
51680001000,0.3869,0.643304934897926
51059451900,0.3713,0.668381289181804
51680000204,0.4654,0.51711943417457
51059480901,0.4097,0.606654878636875
51095080208,0.4436,0.552162031827681
51135980100,,
51195931000,0.4204,0.589455071531908
51063920202,0.4352,0.565664684134384
51179010103,0.3473,0.706960295772384
51019030605,0.3798,0.654717891014306
51133020200,0.4742,0.502973798424691
51103030301,0.4658,0.516476450731394
51059452600,0.3928,0.633820929111075
51013102200,0.4289,0.575791673364411
51059482100,0.4649,0.517923163478541
51019030601,0.3927,0.633981674971869
51053980100,,
51700031901,0.4067,0.611477254460698
51059452200,0.4225,0.586079408455232
51139030500,0.4058,0.612923967207844
51107611809,0.2331,0.890532068799228
51143011100,0.388,0.641536730429191
51177020304,0.3819,0.651342227937631
51680000600,0.4807,0.492525317473075
51107611014,0.3648,0.678829770133419
51015070603,0.4083,0.608905320687992
51095080404,0.3364,0.724481594598939
51177020105,0.3407,0.717569522584793
51153901212,0.3893,0.639447034238868
51077060101,0.4081,0.609226812409581
51191010800,0.4021,0.618871564057226
51036600300,0.4826,0.489471146117988
51071930400,0.3429,0.714033113647324
51005080202,0.5321,0.409901945024916
51107611204,0.3402,0.718373251888764
51800075802,0.3786,0.656646841343835
51141030201,0.4961,0.467770454910786
51075400200,0.4534,0.53640893746986
51023040100,0.4678,0.513261533515512
51015071102,0.378,0.6576113165086
51009010600,0.4951,0.469377913518727
51137110105,0.4087,0.608262337244816
51155210102,0.4026,0.618067834753255
51027010500,0.4005,0.621443497829931
51093280400,0.4114,0.603922199003376
51169030200,0.4492,0.543160263623212
51161031202,0.4306,0.573058993730912
51087200140,0.4618,0.522906285163157
51059491103,0.322,0.747628998553287
51800075105,0.4542,0.535122970583507
51059482302,0.4163,0.596045651824466
51167030300,0.4354,0.565343192412795
51660000206,0.2197,0.912072014145636
51059481201,0.3085,0.769329689760489
51177020316,0.3518,0.69972673203665
51179010215,0.4205,0.589294325671114
51059492400,0.3552,0.694261372769651
51810043400,0.4236,0.584311203986498
51199050305,0.3865,0.643947918341103
51700032300,0.3652,0.678186786690243
51061930303,0.4057,0.613084713068639
51107611206,0.3657,0.677383057386272
51087200146,0.4149,0.598296093875583
51041101007,0.3827,0.650056261051278
51540000501,0.4075,0.610191287574345
51105950301,0.6065,0.290307024594117
51735340300,0.3365,0.724320848738145
51095080102,0.445,0.549911589776563
51147930202,0.42,0.590098054975084
51790000100,0.574,0.342549429352194
51003010401,0.5741,0.3423886834914
51550020400,0.3578,0.690081980389005
51003010301,0.3786,0.656646841343835
51019030603,0.4226,0.585918662594438
51067020103,0.4909,0.476129239672078
51003011201,0.4936,0.471789101430638
51710001400,0.5253,0.420832663558913
51037930300,0.5199,0.429512940041794
51177020406,0.3954,0.629641536730429
51037930101,0.4273,0.578363607137116
51510200701,0.2848,0.807426458768687
51165011801,0.5686,0.351229705835075
51107611028,0.3062,0.773026844558753
51680001400,0.3472,0.707121041633178
51085320804,0.3561,0.692814660022504
51590000900,0.4144,0.599099823179553
51177020110,0.3535,0.696994052403151
51660000402,0.4309,0.572576756148529
51075400300,0.4504,0.541231313293683
51087200152,0.3696,0.671113968815303
51179010108,0.3301,0.734608583828966
51193010401,0.484,0.48722070406687
51550021015,0.3998,0.62256871885549
51059491000,0.3992,0.623533194020254
51790000402,0.3914,0.636071371162193
51121021202,0.4332,0.568879601350265
51173030500,0.401,0.62063976852596
51153901703,0.2806,0.814177784922038
51069050100,0.3287,0.736859025880084
51059480100,0.4796,0.49429352194181
51013101100,0.3753,0.66195145475004
51810045424,0.4038,0.616138884423726
51680000203,0.269,0.832824304774152
51177020314,0.2108,0.926378395756309
51143011302,0.4105,0.605368911750523
51153901900,0.3814,0.652145957241601
51059422101,0.3526,0.698440765150297
51710000201,0.5089,0.447194984729143
51153901304,0.3118,0.764025076354284
51059492300,0.3185,0.75325510368108
51191010900,0.4963,0.467448963189198
51059450300,0.3506,0.701655682366179
51053840200,0.4507,0.5407490757113
51650010316,0.4199,0.590258800835878
51740210600,0.4128,0.601671756952259
51073100201,0.3637,0.680597974602154
51085320803,0.2883,0.801800353640894
51036600100,0.5896,0.317473075068317
51059482506,0.4065,0.611798746182286
51199050208,0.3513,0.700530461340621
51085321100,0.383,0.649574023468896
51003011102,0.3576,0.690403472110593
51550021301,0.3257,0.741681401703906
51760010201,0.5246,0.421957884584472
51035080604,0.3805,0.653592669988748
51550021304,0.2379,0.882816267481113
51087200806,0.3285,0.737180517601672
51009010300,0.3547,0.695065102073622
51059470600,0.5061,0.451695868831378
51031020200,0.4225,0.586079408455232
51117930800,0.4511,0.540106092268124
51023040401,0.3689,0.672239189840862
51013102904,0.4839,0.487381449927664
51770000400,0.3882,0.641215238707603
51013101502,0.4283,0.576756148529175
51059490502,0.4018,0.619353801639608
51710980300,,
51590980100,,
51185020400,0.4572,0.530300594759685
51059416100,0.4567,0.531104324063656
51800075405,0.3256,0.7418421475647
51195930700,0.3984,0.624819160906607
51107611022,0.3694,0.671435460536891
51047930203,0.3254,0.742163639286288
51019030203,0.3188,0.752772866098698
51035080502,0.3572,0.691046455553769
51087200202,0.4486,0.544124738787976
51099040302,0.3789,0.656164603761453
51031020600,0.5112,0.443497829930879
51059432300,0.3615,0.684134383539624
51147930102,0.438,0.561163800032149
51087200147,0.3086,0.769168943899695
51550021200,0.3533,0.697315544124739
51037930200,0.4015,0.61983603922199
51185020600,0.4141,0.599582060761935
51011040200,0.4401,0.557788136955473
51019050101,0.464,0.519369876225687
51680000201,0.4114,0.603922199003376
51053840102,0.3707,0.669345764346568
51760050200,0.3742,0.663719659218775
51770003000,0.4979,0.464877029416493
51083930203,0.5023,0.457804211541553
51185020900,0.457,0.530622086481273
51107610504,0.3666,0.675936344639126
51630000100,0.4599,0.525960456518245
51710001500,0.3262,0.740877672399936
51650010703,0.4101,0.606011895193699
51177020405,0.4363,0.563896479665649
51155210600,0.5178,0.43288860311847
51740210300,0.475,0.501687831538338
51810046225,0.3428,0.714193859508118
51173030302,0.4327,0.569683330654236
51087200501,0.3783,0.657129078926218
51770000900,0.5413,0.39511332583186
51810046207,0.3599,0.686706317312329
51590001302,0.409,0.607780099662434
51059430202,0.362,0.683330654235653
51087200805,0.5969,0.305738627230349
51059440501,0.3061,0.773187590419547
51177020104,0.3141,0.76032792155602
51107610701,0.3318,0.731875904195467
51177020313,0.6029,0.296093875582704
51085320701,0.3755,0.661629963028452
51073100203,0.4081,0.609226812409581
51137110302,0.3995,0.623050956437872
51133020100,0.5153,0.436907249638322
51041100910,0.2808,0.81385629320045
51199050500,0.4835,0.488024433370841
51810045427,0.2729,0.826555216203183
51810041004,0.321,0.749236457161228
51810045412,0.4568,0.530943578202861
51590001200,0.5229,0.424690564217971
51510200201,0.44,0.557948882816267
51009010504,0.4947,0.470020896961903
51015070601,0.4364,0.563735733804855
51131930301,0.5293,0.41440282912715
51023040200,0.4086,0.60842308310561
51810045000,0.3694,0.671435460536891
51059482604,0.3392,0.719980710496705
51009010202,0.3118,0.764025076354284
51179010503,0.4091,0.60761935380164
51187020300,0.4742,0.502973798424691
51107611004,0.2883,0.801800353640894
51059471204,0.3752,0.662112200610834
51145500202,0.3535,0.696994052403151
51175200300,,
51085320200,0.4554,0.533194020253978
51117930202,0.5026,0.457321973959171
51810045606,0.2648,0.839575630927504
51109950500,0.4028,0.617746343031667
51153900403,0.3735,0.664844880244334
51053840300,0.4465,0.547500401864652
51033030503,0.6132,0.279537051920913
51003011400,0.3942,0.631570487059958
51107610507,0.4383,0.560681562449767
51179010404,0.42,0.590098054975084
51197050101,0.532,0.41006269088571
51710006800,0.3502,0.702298665809355
51013100700,0.4394,0.558913357981032
51650011400,0.7435,0.0700851953062208
51041100812,0.3226,0.746664523388523
51165010200,0.4238,0.583989712264909
51143010803,0.4502,0.541552805015271
51730810900,0.4098,0.606494132776081
51059452000,0.3779,0.657772062369394
51710001600,0.4269,0.579006590580293
51810040802,0.361,0.684938112843594
51650010502,0.4216,0.587526121202379
51540000401,0.5359,0.40379360231474
51061930703,0.3751,0.662272946471628
51153900901,0.4089,0.607940845523228
51059415900,0.3919,0.635267641858222
51059492202,0.3335,0.729143224561968
51710004900,0.4568,0.530943578202861
51510200408,0.4369,0.562932004500884
51183870201,0.3907,0.637196592187751
51059461902,0.2814,0.812891818035686
51550020909,0.4304,0.5733804854525
51770000500,0.3843,0.647484327278573
51810040406,0.3221,0.747468252692493
51760010700,0.4503,0.541392059154477
51760071100,0.4052,0.613888442372609
51059482002,0.365,0.678508278411831
51700030800,0.4098,0.606494132776081
51810041804,0.4126,0.601993248673847
51009010100,0.5012,0.459572416010288
51117930101,0.4319,0.570969297540588
51105950302,0.3008,0.781707121041633
51131930302,0.4089,0.607940845523228
51153900504,0.4101,0.606011895193699
51041101008,0.4089,0.607940845523228
51059415402,0.4257,0.580935540909822
51087201504,0.4284,0.576595402668381
51059470500,0.5041,0.454910786047259
51059480802,0.3989,0.624015431602636
51760060400,0.4089,0.607940845523228
51700032123,0.4015,0.61983603922199
51820003300,0.5474,0.385307828323421
51540000800,0.4853,0.485131007876547
51735990100,,
51001990200,,
51103990100,,
51115990100,,
51119990100,,
51133990100,,
51199990100,,
51650990100,,
51810990100,,
